,Overall,vaccinationratio,populationratio,ratioofratio
0,1,0.8896566518964575,0.9438859339871184,0.9425467843751117
